time,coverageAJ,coverageMSMI,coverageMSMICox
365,0.9207547169811321,0.8,0.8
730,0.9550321199143469,0.8244111349036403,0.8244111349036403
1095,0.9576612903225806,0.8084677419354839,0.8084677419354839
1460,0.95783132530120485,0.7951807228915663,0.7951807228915663
1825,0.9457831325301205,0.7530120481927711,0.7550200803212851
