time,coverageAJ,coverageMSMI,coverageMSMICox
365,0.9574036511156186,0.973630831643002,0.9716024340770791
730,0.9411764705882353,0.9614604462474645,0.9594320486815415
1095,0.9194214876033058,0.9545454545454546,0.9545454545454546
1460,0.9345549738219895,0.9607329842931938,0.9581151832460733
1825,0.8923076923076924,0.9435897435897436,0.9333333333333333
